gender,age_group,accuracy,precision,recall,f1
M,23-45,0.7215384615384616,0.596078431372549,0.6608695652173913,0.6268041237113402
